{"Root":{"Level":{"Entities":{"kEntity":{"52":{"m_Name":"Sponza","m_Translation":[0.0,0.0,0.0],"m_Scale":[0.009999999776482582,0.009999999776482582,0.009999999776482582],"m_Rotation":[0.0,0.0,0.0,0.0],"kStaticMeshComponent":[55,59,64,68,73,78,82,87,92,96,101,106,110,114,118,122,126]}}},"Components":{"kLightComponent":{"18":{"m_ParentEntityUID":"1395","m_Type":"kPointLight","m_Intensity":4.677999973297119,"m_Linear":1.0,"m_Quadratic":0.31200000643730166,"m_Constant":0.3709999918937683,"m_Position":[5.940999984741211,5.199999809265137,4.751999855041504],"m_Direction":[0.0,-1.0,-0.05900000035762787],"m_Diffuse":[0.45115548372268679,1.0,0.06862747669219971]},"25":{"m_ParentEntityUID":"1402","m_Type":"kPointLight","m_Intensity":4.109000205993652,"m_Linear":1.0,"m_Quadratic":0.25699999928474429,"m_Constant":0.03799999877810478,"m_Position":[-7.5,5.199999809265137,4.0],"m_Direction":[0.0,-1.0,0.0],"m_Diffuse":[0.906862735748291,0.09779894351959229,0.09779894351959229]},"32":{"m_ParentEntityUID":"1409","m_Type":"kPointLight","m_Intensity":5.0,"m_Linear":0.7229999899864197,"m_Quadratic":1.0,"m_Constant":0.14900000393390656,"m_Position":[-2.5739998817443849,5.199999809265137,3.9600000381469728],"m_Direction":[0.0,-1.0,0.0],"m_Diffuse":[0.024509787559509279,0.6557159423828125,1.0]},"39":{"m_ParentEntityUID":"1416","m_Type":"kPointLight","m_Intensity":4.034999847412109,"m_Linear":1.0,"m_Quadratic":0.3019999861717224,"m_Constant":0.3070000112056732,"m_Position":[1.3860000371932984,5.199999809265137,4.355999946594238],"m_Direction":[0.0,-1.0,0.0],"m_Diffuse":[0.906862735748291,0.10224433243274689,0.8589693307876587]},"46":{"m_ParentEntityUID":"1423","m_Type":"kSunlight","m_Intensity":3.0,"m_Linear":1.0,"m_Quadratic":1.0,"m_Constant":1.0,"m_Position":[0.0,0.0,0.0],"m_Direction":[0.0,-0.9950371384620667,-0.09950371831655503],"m_Diffuse":[1.0,1.0,1.0]}},"kStaticMeshComponent":{"55":{"m_ParentEntityUID":"52","m_SourcePath":"resources/lookdev/Sponza/sponza_cloth_red.fbx","m_Translation":[0.0,0.0,0.0],"m_Scale":[1.0,1.0,1.0],"m_Rotation":[0.0,0.0,0.0,0.0],"Material":{"Textures":{"kAlbedo":"resources/lookdev/Sponza/textures/sponza_fabric_diff.png","kNormal":"resources/lookdev/Sponza/textures/sponza_fabric_diff_NRM.jpg"}}},"59":{"m_ParentEntityUID":"52","m_SourcePath":"resources/lookdev/Sponza/sponza_cloth_green.fbx","m_Translation":[0.0,0.0,0.0],"m_Scale":[1.0,1.0,1.0],"m_Rotation":[0.0,0.0,0.0,0.0],"Material":{"Textures":{"kAlbedo":"resources/lookdev/Sponza/textures/sponza_fabric_green_diff.png","kNormal":"resources/lookdev/Sponza/textures/sponza_fabric_diff_NRM.jpg"}}},"64":{"m_ParentEntityUID":"52","m_SourcePath":"resources/lookdev/Sponza/sponza_cloth_blue.fbx","m_Translation":[0.0,0.0,0.0],"m_Scale":[1.0,1.0,1.0],"m_Rotation":[0.0,0.0,0.0,0.0],"Material":{"Textures":{"kAlbedo":"resources/lookdev/Sponza/textures/sponza_fabric_blue_diff.png","kNormal":"resources/lookdev/Sponza/textures/sponza_fabric_diff_NRM.jpg"}}},"68":{"m_ParentEntityUID":"52","m_SourcePath":"resources/lookdev/Sponza/sponza_vase_ground_plants.obj","m_Translation":[0.0,0.0,0.0],"m_Scale":[1.0,1.0,1.0],"m_Rotation":[0.0,0.0,0.0,0.0],"Material":{"Textures":{"kAlbedo":"resources/lookdev/Sponza/textures_final/vase_ground_Albedo.png","kNormal":"resources/lookdev/Sponza/textures_final/vase_ground_normal.jpg","kMetRoughAO":"resources/lookdev/Sponza/textures_final/vase_ground_MetRoughAO.png","kTranslucency":"resources/lookdev/Sponza/textures_final/vase_ground_transparency.png"}}},"73":{"m_ParentEntityUID":"52","m_SourcePath":"resources/lookdev/Sponza/sponza_vase_ground_base.obj","m_Translation":[0.0,0.0,0.0],"m_Scale":[1.0,1.0,1.0],"m_Rotation":[0.0,0.0,0.0,0.0],"Material":{"Textures":{"kAlbedo":"resources/lookdev/Sponza/textures_final/vase_groundBase_MetRoughAO_Albedo.png","kNormal":"resources/lookdev/Sponza/textures_final/vase_groundBase_normal.jpg","kMetRoughAO":"resources/lookdev/Sponza/textures_final/vase_groundBase_MetRoughAO.png"}}},"78":{"m_ParentEntityUID":"52","m_SourcePath":"resources/lookdev/Sponza/sponza_ground.fbx","m_Translation":[0.0,0.0,0.0],"m_Scale":[1.0,1.0,1.0],"m_Rotation":[0.0,0.0,0.0,0.0],"Material":{"Textures":{"kAlbedo":"resources/lookdev/Sponza/textures_final/ground_Albedo.png","kNormal":"resources/lookdev/Sponza/textures_final/ground_Normal.jpg","kMetRoughAO":"resources/lookdev/Sponza/textures_final/ground_MetRoughAO.jpg"}}},"82":{"m_ParentEntityUID":"52","m_SourcePath":"resources/lookdev/Sponza/sponza_arches.fbx","m_Translation":[0.0,0.0,0.0],"m_Scale":[1.0,1.0,1.0],"m_Rotation":[0.0,0.0,0.0,0.0],"Material":{"Textures":{"kAlbedo":"resources/lookdev/Sponza/textures_final/arch_Albedo.png","kNormal":"resources/lookdev/Sponza/textures_final/arch_Normal.jpg","kMetRoughAO":"resources/lookdev/Sponza/textures_final/arch_MetRoughAO.jpg"}}},"87":{"m_ParentEntityUID":"52","m_SourcePath":"resources/lookdev/Sponza/sponza_roof.fbx","m_Translation":[0.0,0.0,0.0],"m_Scale":[1.0,1.0,1.0],"m_Rotation":[0.0,0.0,0.0,0.0],"Material":{"Textures":{"kAlbedo":"resources/lookdev/Sponza/textures_final/roof_Albedo.png","kNormal":"resources/lookdev/Sponza/textures_final/roof_Normal.jpg","kMetRoughAO":"resources/lookdev/Sponza/textures_final/roof_MetRoughAO.jpg"}}},"92":{"m_ParentEntityUID":"52","m_SourcePath":"resources/lookdev/Sponza/sponza_walls.fbx","m_Translation":[0.0,0.0,0.0],"m_Scale":[1.0,1.0,1.0],"m_Rotation":[0.0,0.0,0.0,0.0],"Material":{"Textures":{"kAlbedo":"resources/lookdev/Sponza/textures_final/bricks_Albedo.png","kNormal":"resources/lookdev/Sponza/textures_final/bricks_Normal.jpg","kMetRoughAO":"resources/lookdev/Sponza/textures_final/bricks_MetRoughAO.jpg"}}},"96":{"m_ParentEntityUID":"52","m_SourcePath":"resources/lookdev/Sponza/sponza_LionHead.fbx","m_Translation":[0.0,0.0,0.0],"m_Scale":[1.0,1.0,1.0],"m_Rotation":[0.0,0.0,0.0,0.0],"Material":{"Textures":{"kAlbedo":"resources/lookdev/Sponza/textures_final/lion_Albedo.png","kNormal":"resources/lookdev/Sponza/textures_final/lion_Normal.jpg","kMetRoughAO":"resources/lookdev/Sponza/textures_final/lion_MetRoughAO.jpg"}}},"101":{"m_ParentEntityUID":"52","m_SourcePath":"resources/lookdev/Sponza/sponza_columns_ground.fbx","m_Translation":[0.0,0.0,0.0],"m_Scale":[1.0,1.0,1.0],"m_Rotation":[0.0,0.0,0.0,0.0],"Material":{"Textures":{"kAlbedo":"resources/lookdev/Sponza/textures_final/columnA_Albedo.png","kNormal":"resources/lookdev/Sponza/textures_final/columnA_Normal.jpg","kMetRoughAO":"resources/lookdev/Sponza/textures_final/columnA_MetRoughAO.jpg"}}},"106":{"m_ParentEntityUID":"52","m_SourcePath":"resources/lookdev/Sponza/sponza_columnsB_firstFloor.fbx","m_Translation":[0.0,0.0,0.0],"m_Scale":[1.0,1.0,1.0],"m_Rotation":[0.0,0.0,0.0,0.0],"Material":{"Textures":{"kAlbedo":"resources/lookdev/Sponza/textures_final/columnA_Albedo.png","kNormal":"resources/lookdev/Sponza/textures_final/columnA_Normal.jpg","kMetRoughAO":"resources/lookdev/Sponza/textures_final/columnA_MetRoughAO.jpg"}}},"110":{"m_ParentEntityUID":"52","m_SourcePath":"resources/lookdev/Sponza/sponza_curtain_red.fbx","m_Translation":[0.0,0.0,0.0],"m_Scale":[1.0,1.0,1.0],"m_Rotation":[0.0,0.0,0.0,0.0],"Material":{"Textures":{"kAlbedo":"resources/lookdev/Sponza/textures_final/curtain_red_Albedo.png","kNormal":"resources/lookdev/Sponza/textures_final/columnA_Normal.jpg","kMetRoughAO":"resources/lookdev/Sponza/textures_final/columnA_MetRoughAO.jpg"}}},"114":{"m_ParentEntityUID":"52","m_SourcePath":"resources/lookdev/Sponza/sponza_curtain_blue.fbx","m_Translation":[0.0,0.0,0.0],"m_Scale":[1.0,1.0,1.0],"m_Rotation":[0.0,0.0,0.0,0.0],"Material":{"Textures":{"kAlbedo":"resources/lookdev/Sponza/textures_final/curtain_blue_Albedo.png","kNormal":"resources/lookdev/Sponza/textures_final/columnA_Normal.jpg","kMetRoughAO":"resources/lookdev/Sponza/textures_final/columnA_MetRoughAO.jpg"}}},"118":{"m_ParentEntityUID":"52","m_SourcePath":"resources/lookdev/Sponza/sponza_curtain_green.fbx","m_Translation":[0.0,0.0,0.0],"m_Scale":[1.0,1.0,1.0],"m_Rotation":[0.0,0.0,0.0,0.0],